Actual,Predicted
45.2,45.346947
44.7,44.908947
44.5,44.43141
45.8,48.529106
50.4,45.66867
48.0,50.180645
46.8,47.725418
