Actual,Predicted
45.2,45.359367
44.7,44.74448
44.5,44.305504
45.8,46.141685
50.4,45.79339
48.0,49.982624
46.8,47.463776
